Name,SMILES,LogKp
1-(2-pyrimidinyl)-piperazine,C1CN(CCN1)C2=NC=CC=N2,0.6
"1,1,1-trichloroethane",CC(Cl)(Cl)Cl,0.4
"1,1,1-trifluoro-2-chloroethane",FCC(Cl)(Cl)Cl,0.08
1-hydroxymidazolam,OCC1=NC=C2CN=C(C3=CC=CC=C3F)C4=C(C=CC(=C4)Cl)[N]12,-0.07
"2,2-dimethylbutane",CCC(C)(C)C,1.04
"2,3,5,6-tetramethylpyrazine",CC1=C(C)N=C(C)C(=N1)C,-0.1
2-methylpentane,CCCC(C)C,0.97
2-methylpropan-1-ol,CC(C)CO,-0.17
3-methylhexane,CCCC(C)CC,0.9
3-methylpentane,CCC(C)CC,1.01
4-hydroxymidazolam,CC1=NC=C2C(O)N=C(C3=CC=CC=C3F)C4=C(C=CC(=C4)Cl)[N]12,-0.3
4-OH-TIQ,OC1CNCC2=C1C=CC=C2,0.32
6-mercaptopurine,S=C1N=CNC2=C1[NH]C=N2,-0.71
77-LH-28-1,CCCCC1CCN(CCCN2C(=O)CCC3=C2C=CC=C3)CC1,0.6
acetaminophen,CC(=O)NC1=CC=C(O)C=C1,-0.41
acetazolamide,CC(=O)NC1=NN=C(S1)[S](N)(=O)=O,-0.52
"acetylsalicylic acid, aspirin",CC(=O)OC1=CC=CC=C1C(O)=O,-0.5
acyclovir,NC1=NC(=O)C2=C(N1)[N](COCCO)C=N2,-0.5
alaptide,CC1NC(=O)C2(CCCC2)NC1=O,-0.32
"alfentanil, rapifen",CCCC(=O)N(C1=CC=CC=C1)C2(CCN(CCN3N=NN(CC)C3=O)CC2)COC,-0.71
alovudine,CC1=CN([C@H]2C[C@H](F)[C@@H](CO)O2)C(=O)NC1=O,-0.85
alprazolam,CC1=NN=C2CN=C(C3=CC=CC=C3)C4=C(C=CC(=C4)Cl)[N]12,0.04
AM-36,CC(C)(C)C1=CC(=CC(=C1O)C(C)(C)C)CN2CCN(CC2)CC(O)C3=CC=C(Cl)C=C3,0.91
amezinium,COC1=CC(=CN=[N+]1C2=CC=CC=C2)N,-1
amiodarone,CCCCC1=C(C(=O)C2=CC(=C(OCCN(CC)CC)C(=C2)I)I)C3=C(O1)C=CC=C3,-1.08
"amitriptyline, triptanol, elavil",CN(C)CCC=C1C2=CC=CC=C2CCC3=CC=CC=C13,0.89
amobarbital,CCC1(CCC(C)C)CNC(=O)NC1=O,0.04
Angell-br,CC1=CC=C(C=C1C2=CC=C(C=C2)C(=O)NCC3CC3)C(=O)NC4CC4,-0.52
antipyrine,CN1N(C(=O)C=C1C)C2=CC=CC=C2,-0.1
asimadoline,CN(C(CN1CCC(O)C1)C2=CC=CC=C2)C(=O)C(C3=CC=CC=C3)C4=CC=CC=C4,-0.51
atenolol,CC(C)NC(O)COC1=CC=C(CC(N)=O)C=C1,-1.42
"atevirdine, U87201",CCNC1=CC=CN=C1N2CCN(CC2)C(=O)C3=CC4=C([NH]3)C=CC(=C4)OC,-0.01
atorvastatin,CC(C)C1=C(C(=O)NC2=CC=CC=C2)C(=C([N]1CC[C@@H](O)C[C@@H](O)CC(O)=O)C3=CC=C(F)C=C3)C4=CC=CC=C4,-1.36
"B-038, ICI17148",CC1=CSC(=N1)N=C(N)N,-0.04
"B-039, icotidine",COC1=C(CCCCNC2=NC(=O)C(=CN2)CC3=CN=C(C)C=C3)N=CC=C1,-2
"B-040, SKF-93619",CN(C)CC1=CC=C(CSCCNC2=NC(=O)C(=CN2)CC3=CC=C4C=CC=CC4=C3)O1,-1.3
"B-041, lupitidine",CN(C)CC1=CC=C(CSCCNC2=NC(=O)C(=CN2)CC3=CN=C(C)C=C3)O1,-1.06
B-047,CN(C)C1=CC(=CC=N1)C2=N[NH]C(=N2)N,-1.17
B-048,CCNC(NCCSCC1=C(Br)C=CC=N1)=NC#N,-2.15
B-049,[O-][N+](=O)C1=C(NCCSCC2=C(Br)C=CC=N2)C=C[NH]1,-0.67
B-050,[O-][N+](=O)C1=C(NCCSCC2=NC=CC=C2)[NH]C=C1,-0.66
B-051,[O-][N+](=O)C1=C(NCCSCC2=NC=CC=C2)[NH]C=C1CC3=CC=CC=C3,-0.12
B-052,NC(N)=NC1=NC(=CS1)C2=CC=CC=C2,-0.18
B-053,NC(N)=NC1=NC(=CS1)C2=CC=CC(=C2)N,-1.17
B-054,CNC(NC1=CC(=CC=C1)C2=CSC(=N2)N=C(N)N)=NC#N,-1.54
B-056,CN(C)CC1=CC=C(CSCCNC2=C(C=C[NH]2)[N+]([O-])=O)O1,-1.12
B-057,CN(C)CC1=CC=C(CSCCNC2=C(CC3=CC=CC=C3)C=C[NH]2)O1,-0.73
B-057; compound34,CC(=O)NC1=CC(=CC=C1)C2=CSC(=N2)N=C(N)N,-1.57
B-058,CN(C)CC1=CC=C(O1)C2=CC=CC(=C2)NC3=C(C=C[NH]3)[N+]([O-])=O,-0.27
B-059,CN(C)CC1=CC(=NC=C1)C2=CC=CC(=C2)NC3=C(C=C[NH]3)[N+]([O-])=O,-0.28
B-060,CC(=O)NCCCOC1=CC(=CC=C1)CN2CCCCC2,-0.46
B-061,O=C(NCCCOC1=CC(=CC=C1)CN2CCCCC2)C3=CC=CC=C3,-0.24
B-062,OCCCOC1=CC(=CC=C1)CN2CCCCC2,-0.02
B-063,C1CCN(CC1)CC2=CC(=CC=C2)OCCCNC3=NC=CC=C3,0.69
"B-064, SKB-37",C1CCN(CC1)CC2=CC(=CC=C2)OCCCNC3=NC=CS3,0.44
"B-065, zolantidine",C1CCN(CC1)CC2=CC(=CC=C2)OCCCNC3=NC4=C(S3)C=CC=C4,0.14
"B-066, SKB-42",C1CCN(CC1)CC2=CC(=CC=C2)OCCCNC3=NC4=C(O3)C=CC=C4,0.22
B-096,NC(=O)N1C2=C(C=CC=C2)C3OC3C4=C1C=CC=C4,-0.34
"B-101, beloxepin",CN1CCC2(O)C(C1)C3=C(OC4=C2C=CC=C4)C(=CC=C3)C,0.82
"B-102, asenapine, Org5222",CN1CCC2(O)C(C1)C3=C(OC4=C2C=CC=C4)C=CC(=C3)Cl,1.03
"B-103, Org12962",FC(F)(F)C1=CC=C(N=C1Cl)N2CCNCC2,1.64
"B-104, Org13011",FC(F)(F)C1=CC(=NC=C1)N2CCN(CCCCN3CCCC3=O)CC2,0.16
"B-105, Org32104",CC1=CC=CC2=C1OC3=C(C=CC=C3)C4(O)CCNCC24,0.52
"B-106, Org30526",ClC1=CC2=C(OC3=C(C=CC=C3)C4CNCCC24)C=C1,0.39
barbital,CCC1(CC)C(=O)NC(=O)NC1=O,-0.14
benzene,C1=CC=CC=C1,0.37
benzoylecgonine,CN1[C@H]2CC[C@H]1[C@@H](CC(O)=O)[C@H](C2)OC(=O)C3=CC=CC=C3,-1.35
BMS-204352,COC1=C(C=C(Cl)C=C1)[C@]2(F)C(=O)NC3=CC(=CC=C23)C(F)(F)F,1.04
BMS-279700,CC1CN(CCN1)C2=CC=C3N=C(NC4=C(Cl)C=CC=C4C)C5=CN=C[N]5C3=N2,-0.22
"BMS-387032, SNS-032",CC(C)(C)C1=CN=C(CSC2=CN=C(NC(=O)C3CCNCC3)S2)O1,-0.57
bretazenil,CC(C)(C)OC(=O)C1=C2C3CCCN3C(=O)C4=C(C=CC=C4Br)[N]2C=N1,-0.09
bromocriptine,CC(C)CC1N2C(O[C@](NC(=O)[C@H]3CN(C)[C@@H]4CC5=C(Br)[NH]C6=CC=CC(=C56)C4=C3)(C(C)C)C2=O)[C@@H]7CCCN7C1=O,-0.59
bromperidol,OC1(CCN(CCCC(=O)C2=CC=C(F)C=C2)CC1)C3=CC=C(Br)C=C3,1.38
budipine,CC(C)(C)N1CCC(CC1)(C2=CC=CC=C2)C3=CC=CC=C3,0.49
bufotenine,CN(C)CCC1=C[NH]C2=C1C=C(O)C=C2,-1.19
buspirone,O=C1CC2(CCCC2)CC(=O)N1CCCCN3CCN(CC3)C4=NC=CC=N4,0.2
cadralazine,CCOC(=O)NNC1=CC=C(N=N1)N(CC(C)O)C(C)C,-1
caffeine,C[N]1C=NC2=C1C(=O)N(C)C(=O)N2C,-0.02
camptothecin,CC[S@@]1(O)C(=O)OCC2=C1C=C3N(CC4=C3N=C5C=CC=CC5=C4)C2=O,-0.29
carbamazepine; tegretol,NC(=O)N1C2=C(C=CC=C2)C=CC3=C1C=CC=C3,-0.12
carisoprodol,CCCC(C)(COC(N)=O)COC(=O)NC,-0.18
carteolol,CC(C)(C)NCC(O)COC1=CC=CC2=C1CCC(=O)N2,-0.9
casopitant,CC(N(C)C(=O)N1CCC(CC1C2=CC=C(F)C=C2C)N3CCN(CC3)C(C)=O)C4=CC(=CC(=C4)C(F)(F)F)C(F)(F)F,-0.01
"celecoxib, celebrex",CC1=CC=C(C=C1)C2=CC(=N[N]2C3=CC=C(C=C3)[S](N)(=O)=O)C(F)(F)F,-1
cerivastatin,COCC1=C(N=C(C(C)C)C(=C1C2=CC=C(F)C=C2)/C=C/[C@@H](O)C[C@@H](O)CC(O)=O)C(C)C,-1.82
chlorambucil,OC(=O)CCCC1=CC=C(C=C1)N(CCCl)CCCl,-1.74
chlorpromazine,CN(C)CCCN1C2=C(SC3=C1C=C(Cl)C=C3)C=CC=C2,1.36
cimetidine,CNC(NCCSCC1=C(C)[NH]C=N1)=NC#N,-1.48
citalopram,CN(C)CCCC1(OCC2=C1C=CC(=C2)C#N)C3=CC=C(F)C=C3,0.71
clioquinol,OC1=C2N=CC=CC2=C(Cl)C=C1I,-2.4
clobazam,CN1C(=O)CC(=O)N(C2=CC=CC=C2)C3=C1C=CC(=C3)Cl,0.35
clonidine,ClC1=C(NC2=NCCN2)C(=CC=C1)Cl,0.11
clozapine,CN1CCN(CC1)C2=NC3=C(NC4=C2C=CC=C4)C=CC(=C3)Cl,0.61
cmpd 31,NC(=O)C1=CC=C(C=C1)[S](=O)(=O)C2CCN(CC2)CCC3=CC=C(F)C=C3F,-0.47
cocaine,COC(=O)C1C(CC2CCC1N2C)OC(=O)C3=CC=CC=C3,0.6
codeine,COC1=CC=C2C[C@@H]3[C@@H]4C=C[C@H](O)[C@@H]5OC1=C2[C@]45CCN3C,0.55
compound 14b,CC1=C(NC2=NC=C([N]3C=NC=C23)C4=CC=C(OCCN5CCCC5)C=C4)C(=CC=C1)C,0.23
compound 26,FC1=CC=C(CCN2CCC(CC2)[S](=O)(=O)C3=CC=C(C=C3)C#N)C(=C1)F,1
compound 5,CO[C@H]1CN(CCC1[N]2C(=NC3=C2C=CC(=C3)C)C)CC4CC5=CC=C(NC(=O)C(C)C)C=C5C4,-1.22
compound 6h,COC1=CC(=CC(=C1)OC)NC2=N[N]3C(=CC(=NC3=C2C(N)=O)C4CC4)NC(CO)C(C)C,-0.39
compound A,NC1=NC(=CC=C1)CN2CCC(CC2)NC(=O)C(O)(C3CCC(F)(F)C3)C4=CC=CC=C4,-0.89
compound-1,CN1C(=O)COC2=CC=C(CC3CCN(CCOC4=CC=CC5=C4C=CC(=N5)C)CC3)C=C12,0.11
compound-10,CO[C@@H]1CN(CCC1[N]2C3=C(C=C(C)C=C3)N=C2C(C)(C)O)CC4CC5=CC=C(C=C5C4)C#N,-0.05
compound-10b,CNCC1=CC=C(NC(=O)C2=N[N](CC3=C(OCC4=CC=CC=C4)C=CC(=C3)Cl)C(=C2)C)C=C1,0.15
compound-12,ClC1=CC=CC(=C1)[S](=O)(=O)[N]2C=CC3=C(N4CCNCC4)C(=CC=C23)Cl,0.48
compound-14e,CC1=CC=CC(=C1NC2=NC=C([N]3C=NC=C23)C4=CC=CC(=C4)OCCN5CCCC5)C,-0.05
compound-19,ClC1=CC=C2[NH]N=C(NC3CCN(CC3)CC4=CC=C5OCOC5=C4)C2=C1,0.83
compound-4ag,CCCN(CC1CC1)C2=C3CCN(C4=CC=C(Cl)C=C4Cl)C3=NC(=N2)C,-0.22
compound-4fi,CC1=NC(=C2CCN(C3=CC=C(Cl)C=C3Cl)C2=N1)[N]4C=CC(=N4)C(F)(F)F,0.36
compound-4h,CCNCC1=CC=C(C=C1)C(=O)NC2=N[N](CC3=C(OCC(C)C)C=CC(=C3)Cl)C(=C2)C,-0.05
compound-4j,CC(C)COC1=C(C[N]2N=C(NC(=O)C3=CC=C(CN4CCCC4)C=C3)C=C2C)C=C(Cl)C=C1,0.3
compound-5d,ClC1=C2N=C(CCCN3CCC(CC3)C4=CC=CC=C4)NC(=O)C2=CC=C1,-0.03
compound-7b,CC1=CC(=O)N(CCCCN2CCN(CC2)C3=CC(=NC(=N3)C(C)(C)C)C(F)(F)F)C=C1,0.57
compound-9,NCC1(CCCCC1)CC2=NOC(=O)N2,-1.3
compound-S16d,ClC1=C2N=C(NC(=O)C2=CC=C1)C3=CC(CC3)N4CCC(CC4)C5=CC=CC=C5,0.36
cotinine,CN1C(CCC1=O)C2=CC=CN=C2,-0.34
cube-10,CC(C)CC(=O)C1=C(O)C=C(OCCCCOC2=CC3=C(C=CC(=O)O3)C=C2)C=C1,-1.52
cube-2,CC(C)CC(=O)C1=C(O)C=C(OCCCCO)C=C1,-1.52
cube-6,CC(C)CC(=O)C1=C(O)C=C(OCCCCOC2=CC(=C(CCC(O)=O)C=C2)O)C=C1,-1.52
cube-8,CCOC1=C(CCC(O)=O)C=CC(=C1)OCCCCOC2=CC(=C(C=C2)C(=O)CC(C)C)O,0.08
"cyclobenzaprine, MK 130",CN(C)CCC=C1C2=C(C=CC=C2)C=CC3=C1C=CC=C3,1.06
cyclohexane,C1CCCCC1,0.92
daidzein,OC1=CC=C(C=C1)C2=COC3=C(C=CC(=C3)O)C2=O,-0.15
declopramide,CCN(CC)CCNC(=O)C1=CC=C(N)C(=C1)Cl,0.14
delavirdine,CC(C)NC1=CC=CN=C1N2CCN(CC2)C(=O)C3=CC4=C([NH]3)C=CC(=C4)N[S](C)(=O)=O,-1.14
desipramine,CNCCCN1C2=C(CCC3=C1C=CC=C3)C=CC=C2,1.2
desmethyldesipramine,NCCCN1C2=C(CCC3=C1C=CC=C3)C=CC=C2,1.06
"desmethyldiazepam, nordazepam",ClC1=CC2=C(NC(=O)CN=C2C3=CC=CC=C3)C=C1,0.5
desmonomethylpromazine,CNCCCN1C2=C(SC3=C1C=CC=C3)C=CC=C2,0.59
dextromethorphan,COC1=CC=C2C[C@H]3[C@H]4CCCC[C@@]4(CCN3C)C2=C1,0.02
diazepam,CN1C(=O)CN=C(C2=CC=CC=C2)C3=C1C=CC(=C3)Cl,0.3
dibudipine,CC1=C(C(C2=CC(=CC=C2)[N+]([O-])=O)C(=C(C)N1)C(=O)OC(C)(C)C)C(=O)OC(C)(C)C,-0.42
dichloromethane,ClCCl,-0.11
diclofenac,OC(=O)CC1=CC=CC=C1NC2=C(Cl)C=CC=C2Cl,-1.3
didanosine,OC[C@@H]1CC[C@@H](O1)[N]2C=NC3=C2NC=NC3=O,-1.3
diphenhydramine,CN(C)CCOC(C1=CC=CC=C1)C2=CC=CC=C2,1.26
"DMXBA, GTS-21",COC1=CC(=C(C=C1)C=C2CCCN=C2C3=CC=CN=C3)OC,0.42
domperidone,ClC1=CC=C2N(C3CCN(CCCN4C(=O)NC5=CC=CC=C45)CC3)C(=O)NC2=C1,-0.93
"donepezil, aricept",COC1=CC2=C(C=C1OC)C(=O)C(CC3CCN(CC3)CC4=CC=CC=C4)C2,0.69
doxylamine,CN(C)CCOC(C)(C1=CC=CC=C1)C2=CC=CC=N2,0.64
eletriptan,CN1CCC[C@H]1CC2=C[NH]C3=C2C=C(CC[S](=O)(=O)C4=CC=CC=C4)C=C3,-0.52
escitalopram,CN(C)CCC[C@]1(OCC2=CC(=CC=C12)C#N)C3=CC=C(F)C=C3,-0.37
ethanol,CCO,-0.16
ethosuximide,CCC1(C)CC(=O)NC1=O,-0.05
etoprine,CCC1=NC(=NC(=C1C2=CC=C(Cl)C(=C2)Cl)N)N,0.65
felbamate,NC(=O)OCC(COC(N)=O)C1=CC=CC=C1,-0.19
fentanyl,CCC(=O)N(C1CCN(CC1)CCC2=CC=CC=C2)C3=CC=CC=C3,0.38
fexofenadine,CC(C)(C(O)=O)C1=CC=C(C=C1)C(O)CCCN2CCC(CC2)C(O)(C3=CC=CC=C3)C4=CC=CC=C4,-1.3
flumazenil,CCOC(=O)C1=C2CN(C)C(=O)C3=C(C=CC(=C3)F)[N]2C=N1,-0.29
"flunitrazepam, rohypnol",CN1C(=O)CN=C(C2=CC=CC=C2F)C3=C1C=CC(=C3)[N+]([O-])=O,0.06
fluoroxene,FC(F)(F)COC=C,0.13
fluoxetine,CNCCC(OC1=CC=C(C=C1)C(F)(F)F)C2=CC=CC=C2,1.07
fluphenazine,OCCN1CCN(CCCN2C3=C(SC4=CC=C(C=C24)C(F)(F)F)C=CC=C3)CC1,1.51
flurbiprofen,CC(C(O)=O)C1=CC=C(C(=C1)F)C2=CC=CC=C2,-1.68
fluvoxamine,COCCCC\C(=N/OCCN)C1=CC=C(C=C1)C(F)(F)F,0.79
FR 260010,CC1=C[N](C=N1)C2=CC=CC(=C2)NC3=NC=NC4=C3CCC5=CC=CC=C45,0.3
FTC; emtricitabine,NC1=NC(=O)N(C=C1F)[C@@H]2CS[C@H](CO)O2,-1.22
"gleevec, imatinib, STI 571",CN1CCN(CC1)CC2=CC=C(C=C2)C(=O)NC3=CC(=C(C)C=C3)NC4=NC=CC(=N4)C5=CC=CN=C5,-1.5
"GR 205171, vofopitant",COC1=C(CNC2CCCNC2C3=CC=CC=C3)C=C(C=C1)[N]4N=NN=C4C(F)(F)F,0.24
GW406381,CCOC1=CC=C(C=C1)C2=N[N]3N=CC=CC3=C2C4=CC=C(C=C4)[S](C)(=O)=O,0.18
haloperidol,OC1(CCN(CCCC(=O)C2=CC=C(F)C=C2)CC1)C3=CC=C(Cl)C=C3,1.27
heptane,CCCCCC,0.81
hexobarbital,CN1CC(C)(C(=O)NC1=O)C2=CCCCC2,0.1
Hydrocodone,COC1=C2O[C@H]3C(=O)CC[C@H]4[C@H]5CC(=C2[C@@]34CCN5C)C=C1,0.32
hydroxyzine,OCCOCCN1CCN(CC1)C(C2=CC=CC=C2)C3=CC=C(Cl)C=C3,0.58
ibuprofen,CC(C)CC1=CC=C(C=C1)C(C)C(O)=O,-0.18
ICA-27243,FC1=CC=C(C=C1F)C(=O)NC2=CN=C(Cl)C=C2,0.44
imipramine,CN(C)CCCN1C2=C(CCC3=C1C=CC=C3)C=CC=C2,1.06
indinavir,CC(C)(C)NC(=O)[C@@H]1CN(CCN1C[C@@H](O)C[C@H](CC2=CC=CC=C2)C(=O)N[C@@H]3[C@H](O)CC4=CC=CC=C34)CC5=CN=CC=C5,-1.07
indomethacin,COC1=CC=C2[N](C(=C(CC(O)=O)C2=C1)C)C(=O)C3=CC=C(Cl)C=C3,-1.26
Irie-10b,CNC(=O)C1=C(NC[CH]2CC[C]3(C[CH2]C3)CC2)N=C(N=C1OCC4CCN(C)CC4)C#N,0.37
Irie-13a,CNC(=O)C1=C(NC[CH]2CC[C]3(C[CH2]C3)CC2)N=C(N=C1OC4CC(C)(C)NC(C)(C)C4)C#N,-0.24
Irie-13b,CNC(=O)C1=C(NC[CH]2CC[C]3(C[CH2]C3)CC2)N=C(N=C1OCCO)C#N,0.7
Irie-15,CNC(=O)C1=C(NC[CH]2CC[C]3(C[CH2]C3)CC2)N=C(N=C1OCC4CCNCC4)C#N,-0.67
Irie-16a,CNC(=O)C1=C(NC[CH]2CC[C]3(C[CH2]C3)CC2)N=C(N=C1OCC4CCN(CC4)C(C)C)C#N,0.08
Irie-16c,CNC(=O)C1=C(NC[CH]2CC[C]3(C[CH2]C3)CC2)N=C(N=C1OCC4CCN(CC4)C(C)=O)C#N,-0.79
itraconazole,CCC(C)N1N=CN(C1=O)C2=CC=C(C=C2)N3CCN(CC3)C4=CC=C(OC[C@H]5CO[C@@](C[N]6C=NC=N6)(O5)C7=C(Cl)C=C(Cl)C=C7)C=C4,-0.64
JNJ-5207787,CC(=O)N1CCC2=CC=C(C=C12)N(N3CCN(CCC4CCCC4)CC3)C(=O)\C=C\C5=CC(=CC=C5)C#N,-0.63
"L-701,324",OC1=C(C(=O)NC2=CC(=CC=C12)Cl)C3=CC(=CC=C3)OC4=CC=CC=C4,-2.03
L-838417,C[N]1N=CN=C1COC2=N[N]3C(=NN=C3C4=CC(=CC=C4F)F)C=C2C(C)(C)C,-0.22
lamotrigine,NC1=NN=C(C(=N1)N)C2=C(Cl)C(=CC=C2)Cl,0.36
"lapatinib, GW 572016, tykerb",C[S](=O)(=O)CCNCC1=CC=C(O1)C2=CC3=C(C=C2)N=CN=C3NC4=CC(=C(OCC5=CC(=CC=C5)F)C=C4)Cl,-1.39
lidocaine,CCN(CC)CC(=O)NC1=C(C)C=CC=C1C,0.34
Lithium,[LiH],-0.3
Liv-13,O=C(OCC1=CC=CC=C1)N2CCC(CC2)CNC3=CC=NC=C3,0.13
Liv-16,O=C(OCC1=CC=CC=C1)N2CCC(CC2)CNC3=CC=CC=N3,-0.02
Liv-20a,O=C(OCC1=CC=CC=C1)N2CCC(CC2)CNC3=NC=CC=N3,-0.37
Liv-21,O=C(OCC1=CC=CC=C1)N2CCC(CC2)CNC3=CC=NC=N3,-0.2
loperamide,CN(C)C(=O)C(CCCN1CCC(O)(CC1)C2=CC=C(Cl)C=C2)(C3=CC=CC=C3)C4=CC=CC=C4,-0.25
loratadine,CCOC(=O)N1CCC(CC1)=C2C3=C(CCC4=C2N=CC=C4)C=C(Cl)C=C3,-0.27
lorazepam,OC1N=C(C2=CC=CC=C2Cl)C3=CC(=CC=C3NC1=O)Cl,0.41
lovastatin,CC[C@H](C)C(=O)O[C@H]1C[C@@H](C)C=C2C=C[C@H](C)[C@H](CC[C@@H]3C[C@@H](O)CC(=O)O3)[C@@H]12,-0.07
mannitol,OCC(O)C(O)C(O)C(O)CO,-1.6
mefloquine,OC(C1CCCCN1)C2=C3C=CC=C(C3=NC(=C2)C(F)(F)F)C(F)(F)F,0.63
melperone,CC1CCN(CCCC(=O)C2=CC=C(F)C=C2)CC1,0.83
Meprobamate,CCCC(C)(COC(N)=O)COC(N)=O,-0.38
mepyramine,COC1=CC=C(CN(CCN(C)C)C2=CC=CC=N2)C=C1,0.49
mesoridazine,CN1CCCCC1CCN2C(CSC3=C2C=CC=C3)C(C)=O,-0.36
methamphetamine,CNC(C)CC1=CC=CC=C1,0.9
methane,C,0.04
methohexital,CCCCC(C)C1(CC=C)C(=O)NC(=O)N(C)C1=O,-0.06
methylcyclopentane,CC1CCCC1,0.93
methylphenidate,COC(=O)C(C1CCCCN1)C2=CC=CC=C2,1.08
metoclopramide,CCN(CC)CCCC(=O)C1=CC(=C(N)C=C1OC)Cl,0.09
Metoprine,CC1=NC(=NC(=C1C2=CC=C(Cl)C(=C2)Cl)N)N,0.81
mianserin,CN1CCN2C(C1)C3=C(CC4=C2C=CC=C4)C=CC=C3,0.99
midazolam,CC1=NC=C2CN=C(C3=CC=CC=C3F)C4=C(C=CC(=C4)Cl)[N]12,0.36
miloxacin,CON1C=C(C(O)=O)C(=O)C2=CC3=C(OCO3)C=C12,-0.92
minaprine,CC1=CC(=NN=C1NCCN2CCOCC2)C3=CC=CC=C3,0.3
"minokine, MW01-2-069SRM",C1CN(CCN1C2=NN=C(C3=CC=CC=C3)C(=C2)C4=CC=NC=C4)C5=NC=CC=N5,-0.16
"minozac, MW01-2-151SRM",CC1=CC(=NN=C1N2CCN(CC2)C3=NC=CC=N3)C4=CC=CC=C4,0.18
mirtazapine,CN1CCN2C(C1)C3=C(CC4=C2N=CC=C4)C=CC=C3,0.53
morphine,CN1CC[C@@]23[C@H]4OC5=C2C(=CC=C5O)C[C@@H]1[C@@H]3C=C[C@@H]4O,-0.31
naratriptan,CN[S](=O)(=O)CCC1=CC2=C([NH]C=C2C3CCN(C)CC3)C=C1,-0.46
nor-1-chlorpromazine,CNCCCN1C2=C(SC3=CC=CC(=C13)Cl)C=CC=C2,1.37
nor-2-chlorpromazine,CNCCCN1C2=C(SC3=C1C=C(Cl)C=C3)C=CC=C2,0.97
northioridazine,CSC1=CC=C2SC3=C(C=CC=C3)N(CCC4CCCCN4)C2=C1,0.75
nortriptyline,CNCCC=C1C2=C(CCC3=C1C=CC=C3)C=CC=C2,1.04
NS1738,OC1=CC=C(Cl)C=C1NC(=O)NC2=C(Cl)C=CC(=C2)C(F)(F)F,-0.3
NSC 15312,C1CC2=C(CN1)C=CC=C2,0.56
NSC 269416,CCOC(=O)NC1=CC2=C(N=C(CN2)CN(C)C3=CC=C(OC)C=C3)C(=N1)N,0.36
NSC 350386,CCOC(=O)CC1=CC2=C(N=C(C(C)N2)C3=CC=CC=C3)C(=N1)N,0.27
olanzapine,CN1CCN(CC1)C2=NC3=CC=CC=C3NC4=C2C=C(C)S4,0.3
oseltamivir,CCOC(=O)C1=C[C@@H](OC(CC)CC)[C@@H](NCOC)[C@@H](N)C1,-1
oxazepam,CC1=NC(O)C(=O)NC2=C1C=C(Cl)C=C2,0.61
oxycodone,COC1=CC=C2C[C@H]3N(C)CC[C@@]45[C@@H](OC1=C24)C(=O)CC[C@@]35O,0.11
paraxanthine,CN1C=NC2NC(=O)N(C)C(=O)C12,0.06
"paroxetine, paxil",FC1=CC=C(C=C1)[C@@H]2CCNCC2COC3=CC=C4OCOC4=C3,0.52
pentane,CCCCC,0.76
pentazocine,CC1C2CC3=CC=C(O)C=C3C1(C)CCN2CC=C(C)C,1.16
pentobarbital,CCCC(C)C1(CC)C(=O)NC(=O)NC1=O,0.12
phencyclidine,C1CCN(CC1)C2(CCCCC2)C3=CC=CC=C3,0.44
phenylbutazone,CCCCC1C(=O)N(N(C1=O)C2=CC=CC=C2)C3=CC=CC=C3,-0.52
phenytoin,O=C1NC(=O)C(N1)(C2=CC=CC=C2)C3=CC=CC=C3,-0.89
physostigmine,CNC(=O)OC1=CC=C2N(C)C3N(C)CCC3(C)C2=C1,0.08
pindolol,CC(C)NCC(O)COC1=CC=CC2=C1C=C[NH]2,-0.15
PK-11195,CCC(C)N(C)C(=O)C1=NC(=C2C=CC=CC2=C1)C3=CC=CC=C3Cl,0.48
prazosin,COC1=CC2=C(C=C1OC)C(=NC(=N2)N3CCN(CC3)C(=O)C4=CC=CO4)C,-0.66
prednisone,C[C@]12CC(=O)[C@H]3[C@@H](CCC4=CC(=O)C=C[C@]34C)[C@@H]1CCC2(O)C(=O)CO,-0.9
pregabalin,CC(C)CC(CN)CC(O)=O,-0.54
Proc-19d,FC1=CC=C(C=C1)C(=O)N2CCN(C(=O)C2)C3=CC=C(OCCCN4CCCCC4)C=C3,-0.46
Proc-19m,CC(C)(C)C1=CC=C(C=C1)C(=O)N2CCN(C(=O)C2)C3=CC=C(OCCCN4CCCCC4)C=C3,-1
Proc-22i,C[C@@H]1CCCN1CCCOC2=CC=C(C=C2)N3CCN(CC3=O)C(=O)C4=CC=C(F)C=C4F,-0.6
Proc-37c,ClC1=CC=C(C=C1)C(=O)N2CCN(C(=O)C2)C3=CC=C(OC4CCN(CC4)C5CCC5)C=C3,-0.4
Proc-37e,O=C1CN(CCN1C2=CC=C(OC3CCN(CC3)C4CCC4)C=C2)C(=O)C5=CC=C(C=C5)C#N,-0.7
Proc-37j,O=C1CN(CCN1C2=CC=C(OC3CCN(CC3)C4CCC4)C=C2)C(=O)C5=CC=C(C=C5)C(=O)N6CCC6,-1
procaine,CCN(CC)CCOC(=O)C1=CC=C(N)C=C1,0.05
promazine,CN(C)CCCN1C2=C(SC3=C1C=CC=C3)C=CC=C2,1.23
propan-1-ol,CCCO,-0.16
propan-2-ol,CC(C)O,-0.15
"propofol, diprivan",CC(C)C1=CC=CC(=C1O)C(C)C,0.48
propoxyphene,CCC(=O)OC(CC1=CC=CC=C1)([C@H](C)CN(C)C)C2=CC=CC=C2,0.46
propranolol,CC(C)NCC(O)COC1=C2C=CC=CC2=CC=C1,0.64
"PTK-787, vatalanib",ClC1=CC=C(NC2=C3C=CC=CC3=C(CC4=CC=NC=C4)N=N2)C=C1,0.2
pyrene,C1=CC2=C3C(=C1)C=CC4=C3C(=CC=C4)C=C2,0.23
pyrimethamine,CCC1=NC(=NC(=C1C2=CC=C(Cl)C=C2)N)N,0.49
quinidine,COC1=CC=C2N=CC=C([C@H](O)[C@H]3C[C@@H]4CC[C@H]3CC4C=C)C2=C1,-0.7
raloxifene,OC1=CC=C(C=C1)C2=C(C(=O)C3=CC=C(OCCN4CCCCC4)C=C3)C5=C(S2)C=C(O)C=C5,-1.81
ranitidine,CNC(NCCSCC1=COC(=C1)CN(C)C)=NC[N+]([O-])=O,-1.23
repinotan,O=C1N(CCCCN[C@H]2CCC3=C(O2)C=CC=C3)[S](=O)(=O)C4=C1C=CC=C4,0.18
r-Etodolac,CCC1=CC=CC2=C1[NH]C3=C2CCOC3(CC)CC(O)=O,-1.51
riluzole,NC1=NC2=C(S1)C=C(OC(F)(F)F)C=C2,0.3
risperidone,CC1=C(CCN2CCC(CC2)C3=COC4=C3C=CC(=C4)F)C(=O)N5CCCCC5=N1,-0.32
risperidone-9-OH,CC1=C(CCN2CCC(CC2)C3=COC4=C3C=CC(=C4)F)C(=O)N5CCCC(O)C5=N1,-0.8
ritonavir,CC(C)C1=NC(=CS1)CN(C)C(=O)N[C@@H](C)C(=O)C[C@H](C[C@H](O)[C@H](CC2=CC=CC=C2)NC(=O)OCC3=CN=CS3)CC4=CC=CC=C4,-1.82
Rizatriptan,CN(C)CCC1=C[NH]C2=CC=C(C[N]3C=NC=N3)C=C12,-0.61
Ro 64-0802,CCC(CC)O[C@@H]1C=C(C[C@H](N)[C@@H]1NCOC)C(O)=O,-1.96
Ro 65-7674,CSC1=N[N]2C(=C1[S](=O)(=O)C3=CC=CC=C3)N=C4CCCC4=C2N5CCNCC5,-1
"rofecoxib, vioxx",C[S](=O)(=O)C1=CC=C(C=C1)C2=C(C(=O)OC2)C3=CC=CC=C3,-0.1
rolipram,COC1=CC=C(C=C1OC2CCCC2)C3CNC(=O)C3,0.61
roscovitine,CCC(CO)NC1=NC(=C2N=C[N](C(C)C)C2=N1)NCC3=CC=CC=C3,-0.72
S18986,O=[S]1(=O)N[C@H]2CCCN2C3=C1C=CC=C3,-0.6
"salbutamol, albuterol",CC(C)(C)NCC(O)C1=CC=C(O)C(=C1)CO,-1.3
salicylic acid,OC(=O)C1=CC=CC=C1O,-1.1
salicyluric acid,OC(=O)CNC(=O)C1=CC=CC=C1O,-0.44
SB 235375,CCC(NC(=O)C1=C(OCC(O)=O)C(=NC2=C1C=CC=C2)C3=CC=CC=C3)C4=CC=CC=C4,-1
SB 239063,COC1=NC(=CC=N1)C2=C(N=C[N]2C3CCC(O)CC3)C4=CC=C(F)C=C4,-1.4
SB 269970A,CC1CCN(CC1)CC[C@H]2CCCN2[S](=O)(=O)C3=CC(=CC=C3)O,-0.17
SB 357134,COC1=C(C=C(C=C1)[S](=O)(=O)NC2=CC(=CC(=C2Br)F)Br)N3CCNCC3,-0.52
SB 656104A,ClC1=CC=C(OC2CCN(CC2)CCC3CCCN3[S](=O)(=O)C4=CC=C5C=C[NH]C5=C4)C=C1,-0.1
SB222200,CCC(NC(=O)C1=C2C=CC=CC2=NC(=C1C)C3=CC=CC=C3)C4=CC=CC=C4,0.3
SB-271406,COC1=C(C=C(N[S](=O)(=O)C2=C(C)C3=C(S2)C=CC(=C3)Cl)C=C1)N4CCNCC4,-1.3
SB-277011A,O=C(N[C@@H]1CC[C@H](CC1)CCN2CCC3=CC(=CC=C3C2)C#N)C4=CC=NC5=CC=CC=C45,0.56
SB-649915,CC1=NC2=C(C=C1)C(=CC=C2)OCCN3CCC(CC3)CC4=CC=C5OCC(=O)NC5=C4,-0.39
selegiline,C[C@H](CC1=CC=CC=C1)N(C)CC#C,0.57
sertraline,CN[C@H]1CC[C@@H](C2=CC(=C(Cl)C=C2)Cl)C3=C1C=CC=C3,1.38
sesamol,OC1=CC2=C(OCO2)C=C1,-0.04
simvastatin,CCC(C)(C)C(=O)O[C@H]1C[C@@H](C)C=C2C=C[C@H](C)[C@H](CC[C@@H]3C[C@@H](O)CC(=O)O3)[C@@H]12,-0.01
"SKF-101468, ropinirole",CCCN(CCC)CCC1=C2CC(=O)NC2=CC=C1,0.25
SKF-89124,CCCN(CCC)CCC1=C2CC(=O)NC2=C(O)C=C1,-0.43
s-licarbizine,NC(=O)N1C2=C(CC(O)C3=C1C=CC=C3)C=CC=C2,-0.59
s-methylisothiourea,CSC(N)=N,-0.6
spiperone,FC1=CC=C(C=C1)C(=O)CCCN2CCC3(CC2)N(CNC3=O)C4=CC=CC=C4,0.26
"Sprycel, dasatinib",CC1=NC(=CC(=N1)NC2=NC=C(S2)C(=O)NC3=C(Cl)C=CC=C3Cl)N4CCN(CCO)CC4,-1.3
SR 140333,[Cl-].CC(C)OC1=CC=CC(=C1)CC(=O)N2CCC[C@@](CC[N+]34CCC(CC3)(CC4)C5=CC=CC=C5)(C2)C6=CC=C(Cl)C(=C6)Cl,-0.37
SR-4688,CC(=O)\C=C\C1=CC=CS1,-0.14
stavudine,CC1=CN(C2OC(CO)C=C2)C(=O)NC1=O,-0.48
sulfamethoxypyridazine,COC1=CC=C(N[S](=O)(=O)C2=CC=C(N)C=C2)N=N1,-0.85
sulforidazine,CN1CCCCC1CCN2C3=C(SC4=C2C=C(C=C4)[S](C)(=O)=O)C=CC=C3,0.18
sulpiride,CCN1CCCC1CNC(=O)C2=C(OC)C=CC(=C2)[S](N)(=O)=O,-1.11
sumatriptan,CN[S](=O)(=O)CC1=CC2=C([NH]C=C2CCN(C)C)C=C1,-1
takle-1; SB-590885,CN(C)CCOC1=CC=C(C=C1)C2=NC(=C([NH]2)C3=CC=NC=C3)C4=CC=C5C(=C4)CCC5=NCO,-0.85
"takle-2; L-779,450",OC1=CC(=CC=C1Cl)C2=C([NH]C(=N2)C3=CC=CC=C3)C4=CC=NC=C4,-1
telmesteine,CCOC(=O)N1CSCC1C(O)=O,-1.72
temelastine,CC1=NC=C(CC2=CNC(=NC2=O)NCCCCC3=NC=C(Br)C=C3C)C=C1,-1.88
temozolomide,CN1N=NC2=C(N=C[N]2C1=O)C(N)=O,-0.47
terbinafine,CN(C\C=C\C#CC(C)(C)C)CC1=C2C=CC=CC2=CC=C1,0.1
terfenadine,CC(C)(C)C1=CC=C(C=C1)C(O)CCCN2CCC(CC2)C(O)(C3=CC=CC=C3)C4=CC=CC=C4,1.65
thalidomide,O=C1CCC(N2C(=O)C3=C(C=CC=C3)C2=O)C(=O)N1,-0.05
theobromine,CC1C=NC2=C1C(=O)NC(=O)N2C,-0.3
theophylline,CN1C(=O)N(C)C2=C([NH]C=N2)C1=O,-0.29
thiopental,CCCC(C)C1(CC)C(=O)NC(=S)NC1=O,-0.14
thioperamide,S=C(NC1CCCCC1)N2CCC(CC2)C3=C[NH]C=N3,-0.16
thioridazine,CSC1=CC2=C(SC3=C(C=CC=C3)N2CCC4CCCCN4C)C=C1,0.09
tibolone,CC1CC2=C(CCC(=O)C2)C3CCC4C(CCC4(O)C#C)C13,0.4
tiotidine,CNC(NC#N)=NCCSCC1=CSC(=N1)NC(N)=N,-0.82
toliprolol,CC(C)NCC(O)COC1=CC=CC(=C1)C,0.09
topotecan,CC[S@@]1(O)C(=O)OCC2=C1C=C3N(CC4=C3N=C5C=C(O)C(=CC5=C4)CN(C)C)C2=O,-0.42
"tramiprosate, alzhemed",NCCC[S](O)(=O)=O,-0.4
trazodone,ClC1=CC=CC(=C1)N2CCN(CCCN3N=C4C=CC=CN4C3=O)CC2,-0.22
triazolam,CC1=NC=C2CN=C(C3=CC=CC=C3Cl)C4=C(C=CC(=C4)Cl)[N]12,0.74
trichloroethylene,ClC=C(Cl)Cl,0.34
trichloromethane,ClC(Cl)Cl,0.29
trifluoroperazine,CN1CCN(CCCN2C3=C(SC4=C2C=C(C=C4)C(F)(F)F)C=CC=C3)CC1,1.44
U 88703,CC(C)NC1=CC=CN=C1N2CCNCC2,-0.14
"UK-240,455",C[S](=O)(=O)N(CCO)C1=C2NC(=O)C(=O)NC2=CC(=C1Cl)Cl,-2.15
valproic acid,CCCC(CCC)C(O)=O,-0.22
venlafaxine,COC1=CC=C(C=C1)C(CN(C)C)C2(O)CCCCC2,0.62
verapamil,COC1=CC=C(CCN(C)CCCC(C#N)(C(C)C)C2=CC=C(OC)C(=C2)OC)C=C1OC,-0.4
zidovudine,CC1=CN([C@H]2C[C@H](N=[N+]=[N-])[C@@H](CO)O2)C(=O)NC1=O,-0.98
zolmitriptan,CN(C)CCC1=C[NH]C2=C1C=C(C[C@H]3COC(=O)N3)C=C2,-1.04
zolpidem,CN(C)C(=O)CC1=C(N=C2C=CC(=C[N]12)C)C3=CC=C(C)C=C3,-0.54
1,CSC1=CC2=C(SC3=C(C=CC=C3)N2CC[C@@H]4CCCCN4C)C=C1,0.24
2,CN1CCCC[C@@H]1CCN2C3=C(SC4=C2C=C(C=C4)[S](C)(=O)=O)C=CC=C3,0.18
3,C[N]1C=NC2=C1C(=O)NC(=O)N2C,-0.28
4,CNCCC1=CC=CC=C1,-0.42
5,OC(=O)CNC(=O)C1=C(O)C=CC=C1,-0.44
6,OC(=O)C1=C(O)C=CC=C1,-1.1
7,COC1=CC2=C(C=CN=C2C=C1)[C@H](O)[C@@H]3C[C@@H]4CCN3C[C@@H]4C=C,-0.46
8,COC1=C(OC)C=C(CCN(C)CCC[C@@](C#N)(C(C)C)C2=CC(=C(OC)C=C2)OC)C=C1,-0.7
9,CN\C(NCCSCC1=CC=C(CN(C)C)O1)=C/[N+]([O-])=O,-1.23
11,CN(C)C1=C(C)N(C)N(C2=CC=CC=C2)C1=O,0
14,CCC[C@@H](C)CC,0.9
15,CCC[C@@H](C)[C@]1(CC)C(=O)NC(=NC1=O)S,-0.14
18,CC(C)NC[C@@H](O)COC1=C2C=CC=CC2=CC=C1,0.64
20,CC(=O)OC1=C(C=CC=C1)C(O)=O,-0.5
22,CCC1(CCC(C)C)C(=O)NC(=O)NC1=O,0.04
23,FC(F)(F)CCl,0.08
24,CC(C)NC[C@@H](O)COC1=CC=C(CC(N)=O)C=C1,-1.42
26,CN(C)CCC=C1C2=C(CCC3=C1C=CC=C3)C=CC=C2,0.886
27,N=C(NC1=CC=CC=C1)NC2=CC=CC=C2,0
30,N(N=NC1=CC=CC=C1)C2=CC=CC=C2,2.03
34,CN1C(=O)CN=C(C2=C(F)C=CC=C2)C3=C1C=CC(=C3)[N+]([O-])=O,0.06
35,OCCOCCN1CCN(CC1)[C@H](C2=CC=CC=C2)C3=CC=C(Cl)C=C3,0.39
37,COC1=C(OC)C=C(CCN(C)CCC[C@](C#N)(C(C)C)C2=CC(=C(OC)C=C2)OC)C=C1,-0.7
39,CCC[C@@H](C)C1(CC)C(=O)NC(=O)NC1=O,0.12
40,CN1C(=NC(=O)[C@@](C)(C2=CCCCC2)C1=O)O,0.1
41,COC1=C2O[C@H]3[C@@H](O)C=C[C@H]4[C@H]5CC(=C2[C@@]34CCN5C)C=C1,0.55
42,CNC(=O)OC1=CC2=C(C=C1)N(C)[C@H]3N(C)CC[C@@]23C,0.08
47,COC1=CC=C(CN(CCN(C)C)C2=NC=CC=C2)C=C1,0.49
48,ClCCNC(=O)N(CCCl)N=O,-0.52
49,CN1[C@@H]2CC[C@H]1CC(C2)OC(=O)[C@H](CO)C3=CC=CC=C3,-0.06
50,COC1=CC2=C(C=C1)[N](C(=C2CC(O)=O)C)C(=O)C3=CC=C(Cl)C=C3,-1.26
51,CC(C)CC1=CC=C(C=C1)[C@@H](C)C(O)=O,-0.18
52,CCC1(C(=O)NCNC1=O)C2=CC=CC=C2,-0.07
55,CN(CC1=NC2=C(N)N=C(N)N=C2N=C1)C3=CC=C(C=C3)C(=O)N[C@H](CCC(O)=O)C(O)=O,-1.52
56,N[C@H](CC1=CC(=C(O)C=C1)O)C(O)=O,-0.77
58,NC1=C2C=CC=CC2=NC3=C1CCCC3,-0.13
60,CN1CC[C@]23CCCC[C@H]2[C@H]1CC4=C3C=C(O)C=C4,0
61,ClC1=CC2=C(NC(=O)CC(=O)N2C3=CC=CC=C3)C=C1,0.36
63,O[C@@H]1N=C(C2=CC=CC=C2)C3=C(NC1=O)C=CC(=C3)Cl,0.61
65,OCCN1CCN(CCCN2C3=C(SC4=C2C=C(C=C4)C(F)(F)F)C=CC=C3)CC1,1.51
66,CC1=NN=C2CN=C(C3=C(Cl)C=CC=C3)C4=C(C=CC(=C4)Cl)[N]12,0.74
67,CC(C)C[C@@H]1N2C(=O)[C@](NC(=O)[C@H]3CN(C)[C@@H]4CC5=C(Br)[NH]C6=C5C(=CC=C6)C4=C3)(O[C@@]2(O)[C@@H]7CCCN7C1=O)C(C)C,-1.1
68,CC(C)(C)NC[C@@H](O)C1=CC(=C(O)C=C1)CO,-1.03
71,CCC#C[C@H](C)[C@@]1(CC=C)C(=O)NC(=O)N(C)C1=O,-0.06
72,C[N]1C=NC2=C1C(=O)N(C)C(=O)N2,0.06
73,CN1C(=O)NC(=O)[C@](C)(C1=O)C2=CCCCC2,0.1
74,C[C@@H]1CC2=C(CCC(=O)C2)[C@@H]3CC[C@]4(C)[C@H](CC[C@@]4(O)C#C)[C@@H]13,0.4
75,CN1CCN2[C@@H](C1)C3=C(CC4=C2N=CC=C4)C=CC=C3,0.53
76,CN1C[C@H]2[C@H](C1)C3=C(OC4=C2C=CC=C4)C=CC(=C3)Cl,1.03
77,CN1CCN2[C@@H](C1)C3=C(CC4=C2C=CC=C4)C=CC=C3,0.99
78,CC1=NC=C2CN=C(C3=C(F)C=CC=C3)C4=C(C=CC(=C4)Cl)[N]12,0.36
79,CN(C)CCC1=NC=CC=C1,-0.06
80,CC1=C(C)C=CC=C1,0.37
81,CC1=CC(=CC=C1)C,0.29
82,CC1=CC=C(C)C=C1,0.31
83,CCC1=CC=CC=C1,0.2
84,CC1=CC=CC=C1,0.37
86,F[S](F)(F)(F)(F)F,0.36
88,CCC(C)=O,-0.08
89,CC(C)=O,-0.15
91,FC(F)OC(F)(F)[C@@H](F)Cl,0.24
92,FC(F)O[C@H](Cl)C(F)(F)F,0.42
93,COC(F)(F)C(Cl)Cl,0.25
94,C=COC=C,0.11
95,CCOCC,0
96,FC(F)(F)[C@H](Cl)Br,0.35
102,C1CC1,0
103,CCCCCCC,0.81
107,N#N,0.03
109,OC(=NCCCl)N(CCCl)N=O,-0.52
110,ClC1=CC2=C(C=C1)N(C3CCN(CCCN4C(=O)NC5=C4C=CC=C5)CC3)C(=O)N2,-0.78
111,CNC(=O)OC1=CC2=C(C=C1)N(C)[C@@H]3N(C)CC[C@]23C,0.079
112,CN(C)CCCN1C2=C(SC3=C1C=C(C=C3)C(F)(F)F)C=CC=C2,1.44
113,CNCCC1=NC=CC=C1,-0.3
116,C[C@@H]1CC2=C(CCC(=O)C2)[C@H]3CC[C@@]4(C)[C@@H](CC[C@]4(O)C#C)[C@H]13,0.4
117,[Na+].CCCC(CCC)C([O-])=O,-0.2
118,CCC#C[C@H](C)[C@]1(CC=C)C(=O)NC(=O)N(C)C1=O,-0.1
119,OC(=O)C1=C(O)C=CC(=C1)O,0.1
121,C1CNC2=C(C1)C=CC=C2,0.7
122,CC=C,-0.06
123,ClC(Cl)=C(Cl)Cl,0.37
124,Cl\C=C/Cl,-0.13
125,Cl\C=C\Cl,0.04
126,CC(C)Br,0.56
127,CCCBr,0.27
128,ClCC(Cl)(Cl)Cl,0.33
129,ClCC(Cl)Cl,-0.1
130,ClCCCl,-0.14
131,CC(Cl)Cl,-0.28
132,C[C@H]1CC[C@H](C)[C@@H](C)C1,1.02
133,CC(C)(C)C1CCCCC1,0.61
134,C[C@H]1CCCC[C@@H]1C,1.07
135,CC1CCCCC1,0.96
136,CCCCCCCC(C)C,1.05
137,CCCCCCC(C)C,0.98
138,CCCCCC(C)C,0.86
139,CCCCCCCCCC,0.665
140,CCCCCCCCC,0.52
141,CCCCCCCC,0.689
142,OCC#C,-0.23
143,FC(F)(F)C1=CC=C(Cl)C=C1,0.17
144,CC1=CC(=C(C)C=C1)C,0.16
145,CC(C)(C)C1=CC=CC=C1,0.43
146,C=CC1=CC=CC=C1,0.45
147,CC(C)CCOC(C)=O,0.554
148,CC(C)COC(C)=O,0.45
149,CC(C)OC(C)=O,0.4
150,CCCCCOC(C)=O,0.4
151,CCCCOC(C)=O,0.277
152,CCCOC(C)=O,0.12
153,CCOC(C)=O,0.003
154,COC(C)=O,-0.134
155,CCCC(C)=O,-0.01
156,C1CO1,0.01
157,CCC(C)(C)OC,0.17
158,COC(C)(C)C,0.36
159,CCOC(C)(C)C,0.22
160,CCC(C)(C)O,0.07
161,CC(C)(C)O,0.11
162,CC(C)CCO,0.038
163,CCCCCO,0.203
164,CCCCO,-0.023
165,CO,0.6
166,FC(F)=CCl,-0.02
167,C=CC=C,-0.166
168,CCCCCCCCC=C,0.96
169,CCCCCCCC=C,0.86
170,CCCCCCC=C,0.74
171,COC(=O)[C@@H]1[C@H](C[C@H]2CC[C@H]1N2C)OC(=O)C3=CC=CC=C3,0.5999
172,CCCCOC(=O)C1=CC=C(N)C=C1,0.42
173,CC(C)(C1=CC=C(O)C=C1)C2=CC=C(O)C=C2,-0.12
174,O[C@@](CCN1CCCCC1)([C@H]2C[C@H]3C[C@@H]2C=C3)C4=CC=CC=C4,0.845
176,CC(C)(C)\[N+]([O-])=C/C1=CC=[N+]([O-])C=C1,-0.38
177,CCC1(C)C(=O)NC(=O)NC1=O,-0.222
178,CCCCC1(CC)C(=O)NC(=O)NC1=O,0.188
179,CN1N(C2=CC=CC=C2)C(=O)C(=C1C)I,-0.1
180,C=CC#N,-0.4
181,CN1CCC[C@@H]1C2=CN=CC=C2,0.2361
182,CCN1C=C(C(O)=O)C(=O)C2=C1N=C(C)C=C2,-0.658
183,CN[C@H](C)CC1=CC=CC=C1,0.9
184,O[C@H]([C@@H]1CCCCN1)C2=C3C=CC=C(C3=NC(=C2)C(F)(F)F)C(F)(F)F,0.63
185,OC[C@@H](O)[C@@H](O)[C@@H](O)[C@@H](O)CO,-1.6
186,O[C@H]1N=C(C2=C(Cl)C=CC=C2)C3=C(NC1=O)C=CC(=C3)Cl,0.44
187,NC1=NC(=C(N=N1)C2=C(Cl)C(=CC=C2)Cl)N,0.48
188,CC1(C)[C@H](O)CC[C@@]2(C)[C@H]1CC[C@]3(C)[C@@H]2C(=O)C=C4[C@H]5C[C@@](C)(CC[C@@]5(C)CC[C@]34C)C(O)=O,-1.398
190,CCOC(=O)C1=CC=C(N)C=C1,0.27
191,CCOC1=C(C=CC=C1)C(N)=O,-0.0458
192,CN(C)CCO[C@@](C)(C1=CC=CC=C1)C2=NC=CC=C2,0.64
195,CN1[C@H](CCC1=O)C2=CN=CC=C2,-0.3484
196,COC1=C(OC2CCCC2)C=C(C=C1)[C@H]3CNC(=O)C3,0.61
197,CCCOC(=O)C1=CC=C(N)C=C1,0.55
198,CC(C)C1=C(O)C(=CC=C1)C(C)C,0.6969
200,OC(=O)C1=CC=C(C=C1)C2=CC=CC=C2,-1.26
201,CC(C)NC[C@@H](O)COC1=C2C=C[NH]C2=CC=C1,-0.135
202,CC(C)(C)\[N+]([O-])=C/C1=CC=CC=C1,0.05
203,C1CC[N]2N=NN=C2CC1,-0.03
204,C[C@@H]1[C@H]2CC3=C(C=C(O)C=C3)[C@]1(C)CCN2CC=C(C)C,0.544
205,CC(C)[NH2+]C[C@@H](O)COC1=CC(=CC=C1)C,0.28
207,C[C@@H](N)CC1=CC=CC=C1,0.93
208,COC1=C(O)C(=CC(=C1)[C@@H]2[C@@H]3[C@H](COC3=O)[C@@H](O[C@@H]4O[C@@H]5CO[C@@H](C)O[C@H]5[C@H](O)[C@H]4O)C6=C2C=C7OCOC7=C6)OC,-2
209,CO[C@]1(NC(=O)[CH]2S[C](S2)=[C](C(N)=O)C(O)=O)[C@H]3SCC(=C(N3C1=O)C(O)=O)CSC4=NN=N[N]4C,-1.89
210,CC(C)C[C@H]1N2C(=O)[C@](NC(=O)[C@@H]3CN(C)[C@H]4CC5=C(Br)[NH]C6=C5C(=CC=C6)C4=C3)(O[C@]2(O)[C@H]7CCCN7C1=O)C(C)C,-1.1
211,COC1=C(OC)C=C(CCNCCC[C@](C#N)(C(C)C)C2=CC(=C(OC)C=C2)OC)C=C1,-0.64
212,CN1CC[C@@]23CCCC[C@H]2[C@@H]1CC4=C3C=C(O)C=C4,0
213,CCC1(C(=NCN=C1O)O)C2=CC=CC=C2,-0.07
214,C1=CC2=CC=C3C=CC=C4C=CC(=C1)C2=C34,0.23
215,NC(=O)N1C2=C(CCC3=C1C=CC=C3)C=CC=C2,0
216,ClC1=CC(=C(C=C1)[C@@H](C[N]2C=CN=C2)OCC3=C(Cl)SC=C3)Cl,-0.2
217,CC(C)(C)C1=CC=C(C=C1)[C@@H](O)CCCN2CCC(CC2)C(O)(C3=CC=CC=C3)C4=CC=CC=C4,0.344
218,NC1=CC=C(C=C1)C(O)=O,-1.4
219,CCCCNC(=O)N[S](=O)(=O)C1=CC=C(C)C=C1,-1.013
220,O[C@@](CCN1CCCCC1)(C2CCCCC2)C3=CC=CC=C3,1.322
221,C[C@@H](CN1C2=C(SC3=C1C=CC=C3)C=CC=C2)N(C)C,1.301
222,[O-][N+](=O)C1=CC2=C(NC(=O)CN=C2C3=CC=CC=C3)C=C1,0.322
223,CCC1=CC2=C(S1)N(C)C(=O)CN=C2C3=C(Cl)C=CC=C3,0.505
224,CN(C)CCCN1C2=C(CCC3=C1C=C(Cl)C=C3)C=CC=C2,1.041
225,NC(N)=O,-1.046
226,OC[C@H]1O[C@@H](O[C@]2(CO)O[C@H](CO)[C@@H](O)[C@@H]2O)[C@H](O)[C@@H](O)[C@@H]1O,-1.699
227,CC(C)C[C@@H](N)C(O)=O,0
228,C[C@H](O)C(O)=O,0.1553
229,OCC(O)CO,-0.2147
231,CC1=NC=C(CC2=CNC(=NC2=O)NCCCCC3=C(C)C=C(Br)C=N3)C=C1,-1.88
234,CN(C)CC1=CC=C(CSCCNC2=NC(=O)C(=CN2)CC3=CC4=CC=CC=C4C=C3)O1,-1.3
235,OC[C@H]1CC[C@H](O1)[N]2C=NC3=C2N=CNC3=O,-1.3
236,CN(C)C1=NC=CC(=C1)C2=N[NH]C(=N2)N,-1.17
237,NC(N)=NC1=NC(=CS1)C2=CC(=CC=C2)N,-1.15
240,CNC(NCCSCC1=CSC(=N1)N=C(N)N)=NC#N,-0.82
241,CN(C)CC1=CC=C(CSCCNC2=C(C(=C[NH]2)CC3=CC=CC=C3)[N+]([O-])=O)O1,-0.73
242,CC1=CN([C@@H]2C[C@H](N=[N+]=[N-])[C@H](CO)O2)C(=O)NC1=O,-0.72
243,[O-]C(=O)C1=C(NCCSCC2=C(Br)C=CC=N2)[NH]C=C1,-0.67
246,CN(C)CC1=CC(=NC=C1)C2=CC(=CC=C2)NC3=C(C=C[NH]3)[N+]([O-])=O,-0.28
247,CN(C)CC1=CC=C(O1)C2=CC(=CC=C2)NC3=C(C=C[NH]3)[N+]([O-])=O,-0.27
253,CC1=C2NC(=O)C3=C(N=CC=C3)N(C4CC4)C2=NC=C1,0
254,[N-]=[N+]=O,0.03
256,CNC(=O)OC1=CC2=C(C=C1)N(C)[C@H]3N(C)CC[C@]23C,0.08
257,ClC1=C(N[C@H]2NCC=N2)C(=CC=C1)Cl,0.11
258,F\C=C/O/C=C/F,0.13
259,C1CCN(CC1)CC2=CC=CC(=C2)OCCCNC3=NC4=C(S3)C=CC=C4,0.14
260,C1CCN(CC1)CC2=CC=CC(=C2)OCCCNC3=NC4=C(O3)C=CC=C4,0.22
261,F[C@H](Br)C(F)(F)F,0.27
262,CC[C@H](NC(=O)C1=C2C=CC=CC2=NC(=C1C)C3=CC=CC=C3)C4=CC=CC=C4,0.3
263,C1CCN(CC1)CC2=CC=CC(=C2)OCCCNC3=NC=CS3,0.44
264,C1CCN(CC1)CC2=CC=CC(=C2)OCCCNC3=NC=CC=C3,0.69
265,CN1CC[C@]2(C)[C@H]1N(C)C3=C2C=C(OC(=O)NC4=CC=CC=C4)C=C3,1
266,CC(C)(C)OC(=O)CCCC1=CC=C(C=C1)N(CCCl)CCCl,1
267,CC1CCN(CCCN2C3=C(SC4=C2C=C(C=C4)C(F)(F)F)C=CC=C3)CC1,1.44
268,CN1C(=O)N(C)C2=C(N=C[NH]2)C1=O,-0.29
269,CN\C(NCCSC1=CC=C(CN(C)C)O1)=C\[N+]([O-])=O,-1.23
270,NCC[N]1N=CC2=C1C=C(Cl)C(=C2)Cl,0.11
271,COC1=C2O[C@H]3[C@H](O)C=C[C@H]4[C@H]5CC(=C2[C@@]34CCN5C)C=C1,0.55
272,CNC(NC#N)=NCCSCC1=C(C)[NH]C=N1,-1.42
273,COC1=CC2=C(C=C1)N([C@@H](C)[C@@H]2CC(O)=O)C(=O)C3=CC=C(Cl)C=C3,-1.26
274,COC1=CC2=C(OCC2)C(=C1)CN[C@H]3CCCN[C@@H]3C4=CC=CC=C4,0.39
275,CCC1=CC(=CC=C1)NC(C)=NC2=CC(=CC=C2)CC,1.2
277,NCCC1=NC(=CS1)C2=CC=CC=C2,-1.3
278,NCCC1=C[N]2C=CC=CC2=N1,-1.4
279,CCCN(CCC)CCC1=CC2=C(NC(=O)C2)C(=C1)O,-0.43
280,CCCN(CCC)CCC1=CC2=C(NC(=O)C2)C=C1,0.25
281,NCCC1=NC=CS1,-0.42
283,NC(=O)C1C2=C(C=CC=C2)C=CC3=C1C=CC=C3,0
284,NC(=O)C1C2=C(C=CC=C2)[C@@H]3O[C@@H]3C4=C1C=CC=C4,-0.34
285,CC(C)C1=NC(=NO1)C2=C3CN(C)C(=O)C4=C(C=CC=C4Cl)[N]3C=N2,-0.3
286,CN1CC2=C(N=C[N]2C3=C(C(=CC=C3)Cl)C1=O)C4=NOC(=N4)C(C)(C)O,-1.34
287,CN1CC2=C(N=C[N]2C3=C(C(=CC=C3)Cl)C1=O)C4=NOC(=N4)[C@](C)(O)CO,-1.82
1-(3-Fluoropropyl)-2-nitroimidazole (FPN),FCCC[N]1C=CN=C1[N](=O)=O,-0.24
1-(8-fluorooctyl)-2-nitroimidazole (FON),FCCCCCCCC[N]1C=CN=C1[N](=O)=O,-0.17
"1,2,4-Trimethylcyclohexane",CC1CCC(C)C(C)C1,1.02
"1,2-Dimethylcyclohexane",CC1CCCCC1C,1.07
16a-fluoroestradiol (estradiol16afluoro),CC12CCC3C(CCC4=C3C=CC(=C4)O)C1CC(F)C2O,-0.3
1-hexyl-4-(4-iodophenyl)piperazine,CCCCCCN1CCN(CC1)C2=CC=C(I)C=C2,1.01
1-hydroxymidazolam,OCC1=NC=C2CN=C(C3=C(F)C=CC=C3)C4=C(C=CC(=C4)Cl)[N]12,-0.07
1-isobutyl-4-(4-iodophenyl)piperazine,CCC(C)N1CCN(CC1)C2=CC=C(I)C=C2,1.38
2-Methyl heptane,CCCCC(C)C,0.86
3-Methyl-1-butanol (Isopentanol),CCC(C)CO,0.04
4-Fluoroantipyrine,CN1N(C2=CC=CC=C2)C(=O)C(=C1C)F,-0.05
4-hydroxymidazolam,CC1=NC=C2C(O)N=C(C3=C(F)C=CC=C3)C4=C(C=CC(=C4)Cl)[N]12,-0.03
"4-iodo-alpha,alpha'-dipiperidino-m-xylene",IC1=CC=C(CN2CCCCC2)C=C1CN3CCCCC3,0.98
"4-iodo-N,N'-isopropyl-m-xylenediamine",CCC(C)NC1=CC=C(I)C(=C1)NC(C)CC,0.64
5-Heptyl-5-ethyl barbituric acid,CCCCCCCC1(CC)C(=O)NC(=O)NC1=O,0.02
5-Hexyl-5-ethyl barbituric acid,CCCCCCC1(CC)C(=O)NC(=O)NC1=O,0.36
5-Octyl-5-ethyl barbituric acid,CCCCCCCCC1(CC)C(=O)NC(=O)NC1=O,0.24
5-Pentyl-5-ethyl barbituric acid,CCCCCC1(CC)C(=O)NC(=O)NC1=O,0.09
5-Propyl-5-ethyl barbituric acid,CCCC1(CC)C(=O)NC(=O)NC1=O,0.09
9-OH Risperidone,CC1=C(CCN2CCC(CC2)C3=NOC4=C3C=CC(=C4)F)C(=O)N5CCCC(O)C5=N1,-0.67
AFE,CN(C)C1=CC=CC=C1SC2=CC=C(CCF)C=C2N,0.55
AI-9 (YH1885),CC1N(CCC2=C1C=CC=C2)C3=C(C)C(=NC(=N3)NC4=CC=C(F)C=C4)C,0.67
alovudine ok,CC1=CN(C2CC(F)C(CO)O2)C(=O)NC1=O,-0.59
alpha-(4-pyridyl-1-oxide)-N-tert-butylnitrone,CC(C)(C)[N](=O)=CC1=CC=[N+]([O-])C=C1,-0.38
atenolol,CC(C)NCC(O)COC1=CC=C(CC(N)=O)C=C1,-0.7
BBCPD12,BrC1=CC=CN=C1CSCCNC2=C(C=C[NH]2)[N](=O)=O,-0.67
BBCPD17,CN(C)CC1=CC=C(O1)SCCNC2=C(C=C[NH]2)[N](=O)=O,-1.12
BBCPD18,CN(C)CC1=CC=C(O1)C2=CC=CC(=C2)NC3=C(C=C[NH]3)[N](=O)=O,-0.27
BBCPD19,CN(C)CC1=CC(=NC=C1)C2=CC=CC(=C2)NC3=C(C=C[NH]3)[N](=O)=O,-0.28
BBCPD20,CC(=O)NCCCOC1=CC=CC(=C1)CN2CCCCC2,-0.46
BBCPD21,O=C(NCCCOC1=CC=CC(=C1)CN2CCCCC2)C3=CC=CC=C3,-0.24
BBCPD22,OCCCOC1=CC=CC(=C1)CN2CCCCC2,-0.02
BBCPD60,CN(C)CC1=CC=C(O1)SCCNC2=C(C(=C[NH]2)CC3=CC=CC=C3)[N](=O)=O,-0.73
Beloxepin (Org4428),CN1CCC2(O)C(C1)C3=C(OC4=CC=CC=C24)C(=CC=C3)C,0.82
BESP,CCN1CN(C2=CC=C(Br)C=C2)C3(CCN(CCCC(=O)C4=CC=C(F)C=C4)CC3)C1=O,-0.43
betahistine (Y-G 14),CNCCC1=CC=CC=N1,-0.3
Biperiden,OC(CCN1CCCCC1)(C2CC3CC2C=C3)C4=CC=CC=C4,0.85
BMSP,CN1CN(C2=CC=C(Br)C=C2)C3(CCN(CCCC(=O)C4=CC=C(F)C=C4)CC3)C1=O,-0.55
BPSP,CCCN1CN(C2=CC=C(Br)C=C2)C3(CCN(CCCC(=O)C4=CC=C(F)C=C4)CC3)C1=O,-0.01
bretazenil,CC(C)(C)OC(=O)C1=C2C3CCCN3C(=O)C4=C(C=CC(=C4)Br)[N]2C=N1,-0.09
BSP,FC1=CC=C(C=C1)C(=O)CCCN2CCC3(CC2)N(CNC3=O)C4=CC=C(Br)C=C4,0.07
Carbon Disulfide,S=C=S,0.6
carteolol,CC(C)(C)NCC(O)COC1=C2CCC(=O)NC2=CC=C1,-0.4
CBZ-EPO,NC(=O)N1C2=C(C=CC=C2)C3CC3C4=C1C=CC=C4,-0.34
Clonidine (SKB6),ClC1=C(N=C2NCCN2)C(=CC=C1)Cl,0.11
Codeine,COC1=C2OC3C(O)C=CC4C5CC(=C2C34CCN5C)C=C1,-0.22
Cotinine,CN1C(CCC1=O)C2=CN=CC=C2,-0.32
desmethydesipramine (didesipramine or Desdimethylimipramine),NCCCN1C2=C(CCC3=CC=CC=C13)C=CC=C2,1.06
Desmethylclobazam,ClC1=CC=C2NC(=O)CC(=O)N(C3=CC=CC=C3)C2=C1,0.36
Desmethyldiazepam,ClC1=C2C(=CC=C1)NC(=O)CN=C2C3=CC=CC=C3,0.5
desmonomethylpromazine (Monodesmethylpromazine),CNCCCN1C2=C(SC3=CC=CC=C13)C=CC=C2,0.59
"Didanosine (2',3'-dideoxyinosine)",OCC1CCC(O1)[N]2C=NC3=C2N=CNC3=O,-1.3
doxylamine,CN(C)CCOC(C)(C1=CC=CC=C1)C2=NC=CC=C2,0.64
Enflurane,FC(F)OC(F)(F)C(F)Cl,0.14
ethylene (ethene),C=C,0.31
FFMZ,CC(F)OC(=O)C1=C2CN(C)C(=O)C3=C(C=CC(=C3)F)[N]2C=N1,-0.09
Flunitrazepam,CN1C(=O)CN=C(C2=C(F)C=CC=C2)C3=C1C=CC(=C3)[N](=O)=O,0.06
fluoroethylfumazrnil,CCOC(=O)C1=C2CN(CCF)C(=O)C3=C(C=CC(=C3)F)[N]2C=N1,-0.14
fluoromisonidazole,OC(COCF)C[N]1C=CN=C1[N](=O)=O,-0.01
glycyrrhetinic acid,CC1(C)C(O)CCC2(C)C1CCC3(C)C2C(=O)C=C4C5CC(C)(CCC5(C)CCC34C)C(O)=O,-1.4
Halothane,FC(F)(F)C(Cl)Br,0.14
HEPP (beta-ethyl-beta-hydroxybenzenepropanamide),CCC(O)(CC(N)=O)C1=CC=CC=C1,0.04
Hexobarbital ,CN1C(=O)NC(=O)C(C)(C1=O)C2=CCCCC2,0.1
I-1,CN1CN(C2=CC=CC=C2)C3(CCN(CCCC(=O)C4=CSC(=C4)I)CC3)C1=O,-0.25
I-4 (44cyanophenoxymethylpiperidineniodoallyl),IC=CCN1CCC(CC1)COC2=CC=C(C=C2)C#N,1.13
Indinavir,CC(C)(C)NC(=O)C1CN(CCN1CC(O)CC(CC2=CC=CC=C2)C(=O)NC3C(O)CC4=C3C=CC=C4)CC5=CN=CC=C5,-0.74
Isoflurane,FC(F)OC(Cl)C(F)(F)F,0.19
Lorazepam,OC1N=C(C2=C(Cl)C=CC=C2)C3=C(NC1=O)C=CC(=C3)Cl,0.47
"M2L-663,581",CN1CC2=C(N=C[N]2C3=C(C(=CC=C3)Cl)C1=O)C4=NOC(=N4)C(C)(O)CO,-1.82
Methohexital,CCC#CC(C)C1(CC=C)C(=O)NC(=O)N(C)C1=O,-0.06
miloxacin,CON1C=C(C(O)=O)C(=O)C2=C1C=C3OCOC3=C2,-0.92
Morphine,CN1CCC23C4OC5=C2C(=CC=C5O)CC1C3C=CC4O,-0.65
MSP,CN1CN(C2=CC=CC=C2)C3(CCN(CCCC(=O)C4=CC=C(F)C=C4)CC3)C1=O,0.46
m-xylene,CC1=CC=CC(=C1)C,0.22
Nicotine,CN1CCCC1C2=CN=CC=C2,0.24
Nitrogen,NN,0.03
Northioridazine,CSC1=CC2=C(SC3=CC=CC=C3N2CCC4CCCNC4)C=C1,0.75
Olanzapine,CN1CCN(CC1)C2=NC3=C(NC4=C2C=C(C)S4)C=CC=C3,0.78
Org13011,FC(F)(F)C1=CC=NC(=C1)N2CCN(CCCCN3CCCC3=O)CC2,0.16
Org30526,ClC1=CC=C2OC3=C(C=CC=C3)C4CNCC4C2=C1,0.39
Org32104,CC1=CC=CC2=C1OC3=CC=CC=C3C4(O)CCNCC24,0.52
Org34167,NC(CC=C)C1=CC=CC=C1C2=NOC3=C2C=CC=C3,0
Org5222,CN1CC2C(C1)C3=C(OC4=C2C=CC=C4)C=CC(=C3)Cl,1.03
Oxazepam,OC1N=C(C2=CC=CC=C2)C3=C(NC1=O)C=CC(=C3)Cl,0.61
Pentazocine,CC1C2CC3=C(C=C(O)C=C3)C1(C)CCN2CC=C(C)C,0.45
Phenyl-N-tert-butylnitrone,CC(C)(C)[N](=O)=CC1=CC=CC=C1,0.05
physostigmine,CNC(=O)OC1=CC2=C(C=C1)N(C)C3N(C)CCC23C,0.08
Pindolol,CC(C)NCC(O)COC1=C2C=C[NH]C2=CC=C1,-0.15
PK-11195,CCC(C)N(C)C(=O)C1=NC(=C2C=CC=CC2=C1)C3=C(Cl)C=CC=C3,0.48
quinidine (quinine),COC1=CC2=C(C=CN=C2C=C1)C(O)C3CC4CCN3CC4C=C,0.1
R-Etodolac,CCC1=C2[NH]C3=C(CCOC3(CC)CC(O)=O)C2=CC=C1,-1.51
Risperidone,CC1=C(CCN2CCC(CC2)C3=NOC4=CC(=CC=C34)F)C(=O)N5CCCCC5=N1,-0.02
rolipram,COC1=C(OC2CCCC2)C=C(C=C1)C3CNC(=O)C3,0.61
S-2fluoroethylisothiourea,NC(=N)SCCF,-0.27
salbutamol (albuterol),CC(C)(C)NCC(O)C1=CC(=C(O)C=C1)CO,-1.3
saquinavir (invirase),CC(C)(C)NC(=O)C1CC2CCCCC2CN1CC(O)C(CC3=CC=CC=C3)NC(=O)C(CC(N)=O)NC(=O)C4=NC5=CC=CC=C5C=C4,-1.03
sevoflurane,FCOC(C(F)(F)F)C(F)(F)F,0.3
SKB15,BrC1=C(CSCCNC2=C(C=C[NH]2)[N](=O)=O)N=CC=C1,-0.67
SKB16,O=[N](=O)C1=C(NCCSCC2=NC=CC=C2)[NH]C=C1,-0.66
SKB17,O=[N](=O)C1=C(NCCSCC2=NC=CC=C2)[NH]C=C1CC3=CC=CC=C3,-0.12
SKB24 (pyrrole3nitro225dimethylaminomethylfuran2ylmethylthioethylamino),CN(C)CC1=CC=C(CSCCNC2=C(C=C[NH]2)[N](=O)=O)O1,-1.12
SKB25 (ranidtidineanalog),CN(C)CC1=CC=C(CSCCNC2=C(C(=C[NH]2)CC3=CC=CC=C3)[N](=O)=O)O1,-0.73
SKB26 (pyrrole3nitro235dimethylaminomethylfuran2ylphenylamino ),CN(C)CC1=CC=C(O1)C2=CC(=CC=C2)NC3=C(C=C[NH]3)[N](=O)=O,-0.27
SKB29,CN(C)CC1=CC(=NC=C1)C2=CC(=CC=C2)NC3=C(C=C[NH]3)[N](=O)=O,-0.28
Teflurane,FC(Br)C(F)(F)F,0.27
terbinafine,CN(CC=CC#CC(C)(C)C)CC1=C2C=CC=CC2=CC=C1,0.09
tibolone,CC1CC2=C(CCC(=O)C2)C3CCC4(C)C(CCC4(O)C#C)C13,0.4
Toliprolol,CC(C)NCC(O)COC1=CC(=CC=C1)C,0.47
"trans 1,2-dichloroethene",ClC=CCl,0.04
Trifluroperazine,CN1CCN(CC1)CCCN2C3=CC=CC=C3SC4=C2C=C(C=C4)C(F)(F)F,1.44
Verapamil,COC1=C(OC)C=C(CCN(C)CCCC(C#N)(C(C)C)C2=CC(=C(OC)C=C2)OC)C=C1,-0.7
water,O,-0.04
Zidovudine (AZT),CC1=CN(C2CC(N=[N+]=[N-])C(CO)O2)C(=O)NC1=O,-0.72
11,CC1=CN(C2CC(N=[N]#N)C(CO)O2)C(=O)NC1=O,-0.72
13,CN(C)CC1=CC=NC(=C1)C2=CC(=CC=C2)NC3=C(C=C[NH]3)[N](=O)=O,-0.28
22,CN1CCN(CCCN2C3=C(SC4=C2C(=CC=C4)C(F)(F)F)C=CC=C3)CC1,1.44
23,COC1=CC2=C(C=CN=C2C=C1)C(O)C3CC4CCC3CC4C=C,0.1
28,ClC1=CC2=C(OC3=C(C=CC=C3)C4CNCC24)C=C1,0.39
41,NC(=O)N1C2=CC=CC=C2C3CC3C4=CC=CC=C14,-0.34
46,CC1=NN=C2CN=C(C3CC(Cl)CCC3[N]12)C4=CC=CC=C4Cl,0.57
47,IC1=C(CN2CCCCC2)C=C(CN3CCCCC3)C=C1,0.98
49,ClC1=CC=CC(=C1N=C2NCCN2)Cl,0.11
56,CN1CCC2(O)C(C1)C3=CC=CC(=C3OC4=CC=CC=C24)C,0.82
60,CCC(C)N(C)C(=O)C1=CC2=CC=CC=C2C(=N1)C3=C(Cl)C=CC=C3,0.48
63,CC1N(CCC2=CC=CC=C12)C3=C(C)C(=NC(=N3)NC4=CC=C(F)C=C4)C,-0.26
66,CCC(C)NC1=CC(=C(I)C=C1)NC(C)CC,0.64
69,CC1=C(CCN2CCC(CC2)C3=NOC4=C3C=CC(=C4)F)C(=O)N5CCCCC5=N1,-0.02
71,CN(C)C1=CC=CC=C1SC2=C(N)C=C(CCF)C=C2,0.548
74,NC(CC=C)C1=C(C=CC=C1)C2=NOC3=C2C=CC=C3,0
75,CC(C)(C)NC(=O)C1CN(CCN1CC(O)CC(CC2=CC=CC=C2)C(=O)NC3C(O)CC4=CC=CC=C34)CC5=CN=CC=C5,-0.745
76,CC(C)(C)NC(=O)C1CC2CCCCC2CN1CC(O)C(CC3=CC=CC=C3)NC(=O)C(CC(N)=O)NC(=O)C4=NC5=C(C=CC=C5)C=C4,-1.03
77,I\C=C\CN1CCC(CC1)COC2=CC=C(C=C2)C#N,1.134
